RUBY 4924,GION 2003
COURTNEY 589,
ISOBEL 1064,
REUBEN 767,
OWEN 1608,
THOMAS 6054,
ZOE 746,
EVELYN 658,
JOSHUA 5713,
CALLUM 2542,
AIMEE 710,
LILLY 1253,
ANNA 1024,
ALEX 1611,
RILEY 2201,
JAY 686,
CONNOR 1878,
LIAM 2982,
BETHANY 1143,
NATHAN 1585,
HOLLIE 689,
ELIZABETH 1507,
HARVEY 2190,
ISLA 1592,
KYLE 1030,
EMILIA 596,
KAI 1056,
IMOGEN 1710,
MARTHA 750,
EMMA 1738,
HARRISON 2152,
JULIA 713,
MADDISON 892,
MIA 3113,
RYAN 3046,
AMELIE 1110,
LOUIS 1202,
EVE 741,
NICOLE 783,
JAMIE 1528,
REECE 1095,
SOPHIA 1508,
LYDIA 660,
CHARLES 1345,
ALFIE 5557,
OSCAR 2432,
HAYDEN 1006,
SOPHIE 4378,
CHARLIE 5285,
ELLIS 760,
MARYAM 583,
PHOEBE 2114,
ASHTON 954,
LOLA 1274,
ERIN 1814,
EVAN 890,
ELLIOT 822,
ALICE 1283,
ISABEL 1216,
MADISON 1131,
MICHAEL 1515,
HANNAH 2331,
ISAAC 1945,
OLIVER 7413,
TAYLOR 788,
RHYS 1600,
BILLY 675,
MASON 1492,
MOHAMMED 3423,
EWAN 720,
LEWIS 3482,
TILLY 609,
JOEL 766,
ZACHARY 995,
LUKE 2580,
LAYLA 975,
ADAM 2308,
JOE 785,
BAILEY 939,
LUCAS 2102,
FREYA 2108,
HARRY 6006,
CAITLIN 1328,
LILY 4009,
COREY 776,
ABBIE 597,
LUCY 2871,
NIAMH 958,
AMELIA 3437,
SEAN 647,
SEBASTIAN 913,
FLORENCE 608,
JESSICA 4667,
DYLAN 3370,
EMILY 4874,
NOAH 1677,
BROOKE 1484,
EVA 1499,
REBECCA 996,
BRADLEY 847,
GRACIE 1165,
MOHAMMAD 1100,
MEGAN 2515,
JOHN 806,
ISABELLE 2459,
ALEXANDER 3213,
AVA 2300,
CAMERON 1627,
KATIE 2318,
HARRIET 749,
LOGAN 1706,
LUCA 973,
ALEXANDRA 624,
LEXIE 776,
LEO 1903,
DAISY 2127,
KEIRA 1291,
ELLIE 2482,
ESME 555,
MARIA 614,
LEXI 905,
ALICIA 603,
PAIGE 1064,
ELLA 3023,
SAMUEL 4620,
MATILDA 1417,
OLIVIA 5317,
ZARA 937,
LOUIE 729,
ROBERT 764,
SOFIA 837,
MORGAN 680,
ROSIE 995,
HENRY 2002,
THEO 1296,
JASMINE 1653,
TOBY 1380,
MAISIE 1040,
EDWARD 1823,
ABIGAIL 1972,
JAYDEN 2517,
JACOB 3128,
CHLOE 4601,
JOSEPH 3760,
AIDAN 748,
ETHAN 3445,
TIA 987,
HARLEY 1132,
JAKE 2791,
WILLIAM 5167,
BENJAMIN 3274,
FREDDIE 1201,
MUHAMMAD 2068,
FINLAY 1200,
DAVID 1127,
ARCHIE 2313,
GABRIEL 910,
LEAH 1558,
LACEY 1061,
GRACE 4773,
MILLIE 2177,
DANIEL 5185,
HOLLY 2269,
SARAH 921,
ISABELLA 2421,
FRANCESCA 613,
EVIE 3275,
AARON 1361,
MOLLY 1736,
FINLEY 1807,
BLAKE 749,
BEN 1339,
MAX 2706,
LAUREN 1201,
SKYE 835,
JAMES 5168,
AMY 1699,
ALISHA 879,
BRANDON 1011,
MATTHEW 2531,
KIAN 1090,
SUMMER 2266,
LEON 1137,
CHRISTOPHER 722,
AMBER 1227,
ELEANOR 1151,
LIBBY 1046,
ZAK 622,
GEORGIA 1168,
GEORGE 4209,
MAYA 960,
JACK 8007,
FAITH 759,
SIENNA 1051,
POPPY 1970,
SCARLETT 1574,
SAM 900,
KIERAN 973,
TYLER 2573,
CHARLOTTE 2937,
